comment_id,text
1,"The rollout plan is clear and inspires confidence across teams."
2,"The document outlines facts about timelines and resources without taking a stance."
3,"Stakeholders raised concerns about cost overruns and limited buffers."
4,"Training materials are practical and help users succeed quickly."
5,"The note lists dependencies and dates but does not suggest a direction."
6,"Testing scope feels too narrow and risks missing critical defects."
7,"Change control is simple and keeps everyone aligned."
8,"The agenda covers sections 2 through 7 in a straightforward manner."
9,"The vendor response feels defensive and lacks empathy."
10,"The team communicates promptly and resolves blockers quickly."
11,"The status report summarizes progress and open items neutrally."
12,"Procurement steps are confusing and slow down momentum."
13,"The solution design follows best practices and is easy to extend."
14,"The spreadsheet lists tasks and owners without any qualitative judgment."
15,"The current risk plan ignores known integration issues."
16,"Stakeholder workshops were productive and yielded actionable decisions."
17,"The meeting notes just capture who attended and what was discussed."
18,"Support SLAs seem unrealistic for the size of the team."
19,"The cutover checklist is thorough and well rehearsed."
20,"The summary states the scope and budget plainly."
21,"The latest build introduced regressions that break core flows."
22,"The roadmap sequencing is thoughtful and minimizes dependencies."
23,"The diagram merely shows systems and interfaces, nothing more."
24,"The communications plan misses key audiences and timing."
25,"Security controls are pragmatic and well documented."
26,"The minutes list agenda items and follow-ups without sentiment."
27,"The test data is incomplete and unreliable for validation."
28,"Budget assumptions are conservative and backed by data."
29,"The tracker records dates and owners without any commentary."
30,"Requirements are ambiguous and will create rework later."
31,"The pilot results exceeded expectations and built stakeholder trust."
32,"The report recaps metrics and milestones objectively."
33,"Vendor selection feels biased and lacks clear criteria."
34,"The team shows strong ownership and cross-functional collaboration."
35,"The log simply shows the events in order."
36,"Documentation is outdated and causes onboarding friction."
37,"Risk mitigation actions are proactive and effective."
38,"The email repeats the facts from the deck."
39,"The scheduling process is chaotic and frequently misses commitments."
40,"User acceptance criteria are clear and measurable."
41,"The backlog export lists items and tags only."
42,"Change approvals take too long and stall delivery."
43,"The integration plan is modular and scalable."
44,"The note lists issues and owners with no opinion."
45,"Testing coverage is shallow and misses edge cases."
46,"The training plan is engaging and tailored to roles."
47,"The dashboard presents status in an easy-to-understand format."
48,"The message states the dates and locations without further detail."
49,"The cutover window is too short to be safe."
50,"The team proactively addresses feedback and communicates improvements."
51,"The summary lists risks and mitigations neutrally."
52,"The vendor response omits critical details and creates uncertainty."
53,"The rollout strategy balances speed with quality well."
54,"The table shows counts and percentages without commentary."
55,"The current scope creep is unsustainable and risky."
56,"Stakeholders praise the clarity and pace of delivery."
57,"The checklist enumerates steps with no evaluation."
58,"Dependencies are unmanaged and causing repeated delays."
59,"The budget tracking is transparent and accurate."
60,"The memo simply catalogs decisions made last week."
61,"The risk acceptance seems premature and poorly justified."
62,"User feedback is positive and highlights strong usability."
63,"The meeting invite shares agenda items neutrally."
64,"The performance baseline is far below the target."
65,"The governance model is simple and effective."
66,"The charter states scope and objectives objectively."
67,"Escalations are frequent and signal deeper process issues."
68,"The team’s responsiveness has been excellent throughout the sprint."
69,"The page lists features and versions without bias."
70,"Onboarding is confusing and takes far too long."
71,"The testing plan is comprehensive and well structured."
72,"The notes describe actions and deadlines clearly but neutrally."
73,"The deployment pipeline is flaky and fails intermittently."
74,"The communication cadence keeps stakeholders informed and engaged."
75,"The report outlines costs and benefits in a balanced way."
76,"The scheduling conflicts are constant and derail progress."
77,"The architecture is clean and follows established patterns."
78,"The index lists sections and references without judgment."
79,"Quality gates are weak and allow defects into production."
80,"The pilot strategy smartly reduces risk while learning fast."
81,"The minutes capture timelines and owners accurately."
82,"The testing environment is unstable and unreliable."
83,"The product vision is compelling and easy to rally behind."
84,"The spreadsheet shows numeric trends without commentary."
85,"Stakeholder alignment is low and decisions keep reversing."
86,"The change plan supports adoption with clear milestones."
87,"The dashboard lists KPIs and statuses without adjectives."
88,"The vendor’s documentation is sparse and hard to follow."
89,"The team’s problem-solving is creative and effective."
90,"The summary provides a neutral recap of outcomes."
91,"The handoff process is inconsistent and leads to confusion."
92,"Security posture is strong and audit-ready."
93,"The outline enumerates modules and APIs without perspective."
94,"The budget variance continues to widen month over month."
95,"The release notes are clear and celebrate meaningful improvements."
96,"The log lists warnings and errors neutrally."
97,"Requirements churn is high and undermines progress."
98,"The support model is customer-centric and responsive."
99,"The table presents test case counts without bias."
100,"The patch introduced performance regressions and timeouts."
101,"The roadmap inspires confidence with realistic goals."
102,"The file lists resources and links with no sentiment."
103,"The risk level is understated given the dependencies."
104,"The training sessions are well received and informative."
105,"The notes summarize attendance and actions neutrally."
106,"The quality trend is negative and needs immediate attention."
107,"The executive summary is crisp and value-focused."
108,"The tracker lists tasks and owners without judgment."
109,"The incident response was slow and uncoordinated."
110,"The solution demonstrates strong scalability and security."
111,"The slide lists events and decisions neutrally."
112,"The integration timeline is unrealistic and optimistic."
113,"The team fosters a supportive and collaborative culture."
114,"The card shows the ticket details without commentary."
115,"The current test data is stale and misleading."
116,"The release is stable and meets acceptance criteria."
117,"The announcement simply states the new schedule."
118,"Vendor estimates are consistently off and erode trust."
119,"The feature rollout was smooth and well received."
120,"The doc states the constraints neutrally."
121,"The defect rate is rising and exceeds thresholds."
122,"The design is elegant and easy to maintain."
123,"The index of terms is neutral and descriptive."
124,"The backlog keeps growing without prioritization."
125,"The communications are clear, timely, and helpful."
126,"The export lists items and fields neutrally."
127,"The incident trend is worsening and not addressed."
128,"Stakeholders applaud the transparent risk management."
129,"The report lists actions and owners neutrally."
130,"The test environment is frequently down and blocks work."
131,"The plan sets realistic expectations and builds momentum."
132,"The summary outlines decisions without opinion."
133,"The budget overruns are significant and persistent."
134,"The playbook is practical and accelerates onboarding."
135,"The release checklist is presented without sentiment."
136,"The current scope is unmanageable and needs reduction."
137,"The solution aligns with strategy and delivers clear benefits."
138,"The data table enumerates records and fields neutrally."
139,"The incident follow-up is superficial and incomplete."
140,"The training feedback is overwhelmingly positive."
141,"The change log lists updates neutrally."
142,"The risk appetite appears too high for the context."
143,"The roadmap is focused and outcomes-oriented."
144,"The reference list provides neutral links and sources."
145,"The integration test plan is missing critical scenarios."
146,"The team celebrates wins and shares credit generously."
147,"The inventory list is neutral and factual."
148,"The defect triage lacks rigor and consistency."
149,"The deployment was smooth and uneventful."
150,"The page lists neutral configuration details."
151,"User satisfaction is dropping due to reliability issues."
152,"The governance charter is sensible and clear."
153,"The log provides a neutral audit trail."
154,"The backlog contains duplicates and unclear tickets."
155,"The metrics show steady improvement in key areas."
156,"The handout summarizes content neutrally."
157,"The current process creates unnecessary bottlenecks."
158,"The documentation is thorough and up to date."
159,"The list of acronyms is neutral and precise."
160,"The latest change increased error rates noticeably."
161,"The cross-team alignment is strong and productive."
162,"The runbook steps are neutral and easy to follow."
163,"The monitoring alerts are noisy and unactionable."
164,"The testing outcomes are encouraging and comprehensive."
165,"The schedule table is neutral and informative."
166,"The vendor contract terms are unfavorable and risky."
167,"The value proposition is clear and compelling."
168,"The meeting notes present a neutral summary."
169,"The current handoff creates gaps and confusion."
170,"The solution delivers quick wins and long-term value."
171,"The checklist presents neutral steps for execution."
172,"The capacity shortfall is growing and unaddressed."
173,"The team’s transparency builds strong stakeholder trust."
174,"The CSV lists neutral fields and values."
175,"The defect backlog is growing faster than it is resolved."
176,"The release cadence is steady and predictable."
177,"The intro outlines context and goals neutrally."
178,"The risk exposure is high and needs mitigation now."
179,"The collaboration between teams is strong and respectful."
180,"The index presents neutral references and sections."
181,"The architecture introduces unnecessary complexity and cost."
182,"The customer testimonials are positive and detailed."
183,"The data export is neutral and well formatted."
184,"The monitoring gaps are significant and concerning."
185,"The change communications are thoughtful and timely."
186,"The note provides a neutral recap of items."
187,"Vendor delays continue to impact the critical path."
188,"The project demonstrates strong leadership and execution discipline."
189,"The schedule matrix is neutral and readable."
190,"Quality issues persist and frustrate end users."
191,"The solution is user-friendly and delivers clear outcomes."
192,"The outline lists neutral bullet points."
193,"The current approach ignores key stakeholder needs."
194,"The pilot experience was smooth and informative."
195,"The status page lists components neutrally."
196,"The dependency risk is high and unmanaged."
197,"Stakeholders recognize the team’s reliability and clarity."
198,"The agenda provides a neutral structure for discussion."
199,"The change window is too risky for peak hours."
200,"Overall, the program shows momentum, value, and clear communication."
